{
  "c2si-oral": [[6.01096892e-01, 1.46252285e-02, 1.57221207e-02, 1.35283364e-02,   7.31261426e-04, 1.46252285e-03, 3.65630713e-04, 5.48446069e-03,   0.00000000e+00, 1.64533821e-01, 3.91224863e-02, 2.92504570e-02],
 [8.78638111e-03, 7.76313381e-01, 3.13014827e-02, 1.83049606e-03,   0.00000000e+00, 9.70162914e-03, 1.95863079e-02, 0.00000000e+00,   9.15248032e-04, 6.58978583e-03, 4.94233937e-03, 7.87113308e-03],
 [1.73323286e-02, 3.61718161e-02, 6.92916353e-01, 2.29841748e-02,   6.02863602e-03, 5.65184627e-03, 2.63752826e-03, 2.26073851e-03,   0.00000000e+00, 1.80859081e-02, 1.92162773e-02, 1.24340618e-02],
 [1.53110048e-02, 9.56937799e-04, 0.00000000e+00, 7.80861244e-01,   3.73205742e-02, 0.00000000e+00, 0.00000000e+00, 1.05263158e-02,   7.65550239e-03, 6.69856459e-03, 1.33971292e-02, 2.39234450e-02],
 [0.00000000e+00, 0.00000000e+00, 9.67982130e-03, 6.62695458e-02,   7.57259866e-01, 7.44601638e-04, 2.97840655e-03, 0.00000000e+00,   1.48920328e-03, 0.00000000e+00, 4.46760983e-03, 0.00000000e+00],
 [0.00000000e+00, 5.82524272e-03, 9.70873786e-03, 0.00000000e+00,   1.94174757e-03, 8.25242718e-01, 1.94174757e-03, 0.00000000e+00,   0.00000000e+00, 0.00000000e+00, 9.70873786e-03, 0.00000000e+00],
 [0.00000000e+00, 9.12547529e-02, 4.56273764e-03, 2.28136882e-03,   0.00000000e+00, 0.00000000e+00, 7.55133080e-01, 7.60456274e-04,   1.52091255e-03, 0.00000000e+00, 8.36501901e-03, 0.00000000e+00],
 [1.06900452e-01, 1.35746606e-02, 1.01809955e-02, 3.11085973e-02,   2.82805430e-03, 5.65610860e-04, 0.00000000e+00, 3.56334842e-01,   2.26244344e-02, 1.53280543e-01, 1.10859729e-01, 4.12895928e-02],
 [0.00000000e+00, 6.89655172e-03, 2.24137931e-02, 8.27586207e-02,   2.24137931e-02, 0.00000000e+00, 0.00000000e+00, 1.46551724e-01,   4.25862069e-01, 1.03448276e-02, 5.17241379e-02, 6.20689655e-02],
 [6.23624358e-02, 1.66544387e-01, 2.93470286e-02, 8.80410858e-03,   7.33675715e-03, 1.46735143e-03, 5.86940572e-03, 0.00000000e+00,   7.33675715e-03, 5.19442406e-01, 7.85033015e-02, 2.64123258e-02],
 [4.60526316e-03, 3.42105263e-02, 1.84210526e-02, 7.23684211e-03,   1.97368421e-03, 5.92105263e-03, 2.69736842e-02, 0.00000000e+00,   0.00000000e+00, 6.57894737e-03, 7.42763158e-01, 4.93421053e-02],
 [6.26780627e-03, 2.39316239e-02, 1.76638177e-02, 2.84900285e-03,   1.13960114e-03, 6.83760684e-03, 1.70940171e-03, 4.55840456e-03,   3.98860399e-03, 4.55840456e-03, 2.67806268e-02, 8.44444444e-01]],
"bref-oral": [[8.57503608e-01, 3.49927850e-02, 6.85425685e-03, 7.93650794e-03,   3.60750361e-04, 3.60750361e-04, 0.00000000e+00, 1.80375180e-03,   0.00000000e+00, 7.21500722e-03, 4.32900433e-03, 5.77200577e-03],
 [1.37581463e-02, 8.60246198e-01, 1.32150615e-02, 7.24112962e-04,   0.00000000e+00, 2.71542361e-03, 2.89645185e-03, 9.05141202e-04,   1.81028240e-04, 3.98262129e-03, 5.97393193e-03, 4.88776249e-03],
 [7.61145343e-03, 2.75462124e-02, 8.09351214e-01, 2.10221095e-02,   1.44980065e-03, 3.26205147e-03, 3.98695179e-03, 0.00000000e+00,   0.00000000e+00, 2.17470098e-03, 1.59478072e-02, 9.78615440e-03],
 [6.91915513e-03, 4.73415878e-03, 4.62490896e-02, 8.42680262e-01,   7.64748725e-03, 3.64166060e-04, 7.28332119e-04, 9.10415149e-03,   1.82083030e-03, 1.09249818e-03, 4.00582666e-03, 4.73415878e-03],
 [0.00000000e+00, 2.19458669e-03, 7.31528895e-03, 7.20555962e-02,   8.08705194e-01, 3.29188003e-03, 7.31528895e-04, 7.31528895e-04,   1.82882224e-03, 7.31528895e-04, 3.29188003e-03, 1.82882224e-03],
 [0.00000000e+00, 9.76491863e-03, 1.84448463e-02, 1.08499096e-03,   1.80831826e-03, 8.40867993e-01, 9.76491863e-03, 0.00000000e+00,   0.00000000e+00, 7.23327306e-04, 7.23327306e-03, 2.89330922e-03],
 [1.07219442e-03, 4.39599714e-02, 1.07219442e-03, 3.57398142e-04,   0.00000000e+00, 2.85918513e-03, 7.93423874e-01, 0.00000000e+00,   0.00000000e+00, 3.57398142e-04, 6.43316655e-03, 5.00357398e-03],
 [1.80115274e-03, 2.88184438e-03, 1.44092219e-03, 1.51296830e-02,   3.60230548e-04, 7.20461095e-04, 0.00000000e+00, 8.96974063e-01,   2.88184438e-03, 3.96253602e-03, 1.80115274e-03, 1.15273775e-02],
 [3.67107195e-04, 1.10132159e-03, 1.46842878e-03, 7.70925110e-03,   7.34214391e-04, 1.10132159e-03, 3.67107195e-04, 1.40969163e-01,   7.67621145e-01, 7.34214391e-04, 4.40528634e-03, 8.81057269e-03],
 [5.52304316e-02, 1.75566935e-02, 6.58376006e-03, 2.19458669e-03,   0.00000000e+00, 3.65764448e-04, 7.31528895e-04, 1.31675201e-02,   0.00000000e+00, 8.51865399e-01, 4.02340892e-03, 3.65764448e-03],
 [3.62187613e-03, 1.05034408e-02, 6.88156465e-03, 6.15718942e-03,   2.89750091e-03, 1.81093807e-03, 1.15900036e-02, 3.98406375e-03,   1.81093807e-03, 1.81093807e-03, 8.63817457e-01, 4.70843897e-03],
 [2.18023256e-03, 4.72383721e-03, 4.36046512e-03, 3.99709302e-03,   3.63372093e-04, 2.18023256e-03, 2.54360465e-03, 2.18023256e-03,   0.00000000e+00, 1.09011628e-03, 5.08720930e-03, 9.49127907e-01]],
"c2si-obstruent": [[7.64158262e-01, 1.70674942e-02, 3.10318076e-03, 3.64623739e-02,   1.08611327e-02, 7.75795190e-04, 0.00000000e+00, 0.00000000e+00,   0.00000000e+00, 3.10318076e-03, 5.43056633e-03, 0.00000000e+00],
 [2.04498978e-02, 7.28892784e-01, 2.10341805e-02, 2.04498978e-03,   6.39789658e-02, 8.76424189e-04, 5.84282793e-04, 1.75284838e-03,   0.00000000e+00, 0.00000000e+00, 2.36634531e-02, 0.00000000e+00],
 [1.06837607e-03, 2.56410256e-02, 7.62820513e-01, 0.00000000e+00,   2.13675214e-03, 5.02136752e-02, 0.00000000e+00, 2.02991453e-02,   0.00000000e+00, 1.06837607e-03, 1.17521368e-02, 0.00000000e+00],
 [1.03397341e-02, 0.00000000e+00, 0.00000000e+00, 8.28655835e-01,   0.00000000e+00, 1.47710487e-03, 0.00000000e+00, 0.00000000e+00,   0.00000000e+00, 1.03397341e-02, 0.00000000e+00, 0.00000000e+00],
 [0.00000000e+00, 1.28579778e-02, 0.00000000e+00, 1.51957919e-02,   7.38749269e-01, 3.50672122e-03, 0.00000000e+00, 1.75336061e-03,   0.00000000e+00, 5.84453536e-04, 7.59789597e-03, 0.00000000e+00],
 [0.00000000e+00, 0.00000000e+00, 2.82608696e-02, 0.00000000e+00,   4.34782609e-03, 8.34782609e-01, 0.00000000e+00, 0.00000000e+00,   0.00000000e+00, 2.17391304e-03, 0.00000000e+00, 0.00000000e+00],
 [3.54609929e-03, 1.41843972e-02, 0.00000000e+00, 0.00000000e+00,   0.00000000e+00, 0.00000000e+00, 6.34751773e-01, 1.27659574e-01,   0.00000000e+00, 4.25531915e-02, 5.31914894e-02, 0.00000000e+00],
 [0.00000000e+00, 8.37520938e-04, 5.44388610e-03, 0.00000000e+00,   3.35008375e-03, 0.00000000e+00, 8.37520938e-04, 8.53852596e-01,   5.86264657e-03, 2.51256281e-03, 2.59631491e-02, 5.86264657e-03],
 [0.00000000e+00, 0.00000000e+00, 0.00000000e+00, 0.00000000e+00,   0.00000000e+00, 0.00000000e+00, 3.58851675e-03, 6.22009569e-02,   8.30143541e-01, 0.00000000e+00, 9.56937799e-03, 1.67464115e-02],
 [3.57142857e-03, 1.19047619e-03, 0.00000000e+00, 1.66666667e-02,   4.76190476e-03, 3.57142857e-03, 7.14285714e-03, 1.19047619e-03,   4.76190476e-03, 7.22619048e-01, 3.69047619e-02, 0.00000000e+00],
 [0.00000000e+00, 0.00000000e+00, 0.00000000e+00, 0.00000000e+00,   0.00000000e+00, 0.00000000e+00, 0.00000000e+00, 0.00000000e+00,   3.62318841e-02, 1.44927536e-02, 8.62318841e-01, 0.00000000e+00],
 [0.00000000e+00, 0.00000000e+00, 0.00000000e+00, 0.00000000e+00,   2.91970803e-03, 0.00000000e+00, 0.00000000e+00, 0.00000000e+00,   5.54744526e-02, 0.00000000e+00, 2.91970803e-03, 7.78102190e-01]],