{
    "unfrozen-cp-3k-large": {
        "bref-int": {
            "value": 0.8820271745680789,
            "min": 0.8800451447512869,
            "max": 0.8841670246221754
        },
        "c2si-dap": {
            "value": 0.7393403076846637,
            "min": 0.7356062899749117,
            "max": 0.7428966865442826
        },
        "c2si-lec": {
            "value": 0.7247105152411583,
            "min": 0.7189655889647905,
            "max": 0.7299154164613381
        }
    },
    "frozen": {
        "bref-int": {
            "value": 0.8349589207373496,
            "min": 0.832567449988056,
            "max": 0.8373889724399158
        },
        "c2si-dap": {
            "value": 0.6688185490371745,
            "min": 0.6651474991266318,
            "max": 0.6725128499059291
        },
        "c2si-lec": {
            "value": 0.6687409179913909,
            "min": 0.663063237759767,
            "max": 0.6743466280870306
        }
    },
    "unfrozen": {
        "bref-int": {
            "value": 0.8758525872238504,
            "min": 0.8737399946212691,
            "max": 0.8781330532268662
        },
        "c2si-dap": {
            "value": 0.7057132636714962,
            "min": 0.7020272804159013,
            "max": 0.7093416921901755
        },
        "c2si-lec": {
            "value": 0.7020410667536933,
            "min": 0.6963453428292948,
            "max": 0.7075390659827401
        }
    },
    "unfrozen-14k-light": {
        "bref-int": {
            "value": 0.8177827932129751,
            "min": 0.8153897614606117,
            "max": 0.8202274217077806
        },
        "c2si-dap": {
            "value": 0.5730658714415638,
            "min": 0.5692052908907856,
            "max": 0.5772301467196433
        },
        "c2si-lec": {
            "value": 0.5695878777384423,
            "min": 0.5635194632175403,
            "max": 0.575522501718979
        }
    },
    "unfrozen-3k-large": {
        "bref-int": {
            "value": 0.8831168062533447,
            "min": 0.8810879802446604,
            "max": 0.8853519967282105
        },
        "c2si-dap": {
            "value": 0.7125314446730383,
            "min": 0.7087120777623469,
            "max": 0.7160231807907432
        },
        "c2si-lec": {
            "value": 0.7061652761584701,
            "min": 0.7003325738492521,
            "max": 0.7118070683647754
        }
    },
    "unfrozen-3k-base": {
        "bref-int": {
            "value": 0.8450291900784241,
            "min": 0.8428310858682112,
            "max": 0.8474614270991372
        },
        "c2si-dap": {
            "value": 0.5004832794683565,
            "min": 0.4966920530669976,
            "max": 0.5043341717757003
        },
        "c2si-lec": {
            "value": 0.4804863952788493,
            "min": 0.474478096309772,
            "max": 0.48643080809480277
        }
    },
    "unfrozen-cp-14k-large": {
        "bref-int": {
            "value": 0.8788372307938774,
            "min": 0.8767365861538918,
            "max": 0.8810387705668987
        },
        "c2si-dap": {
            "value": 0.7278333658338257,
            "min": 0.7241767142898277,
            "max": 0.7313835466640137
        },
        "c2si-lec": {
            "value": 0.7165836268169198,
            "min": 0.7105707244929078,
            "max": 0.7221338582325844
        }
    },
    "unfrozen-cp-14k-light": {
        "bref-int": {
            "value": 0.8295921704624353,
            "min": 0.8272424542411582,
            "max": 0.8320681822158147
        },
        "c2si-dap": {
            "value": 0.6321210340208493,
            "min": 0.6282623845078531,
            "max": 0.6360141580752517
        },
        "c2si-lec": {
            "value": 0.6304067553645484,
            "min": 0.6242903659082277,
            "max": 0.6365183952538706
        }
    },
    "unfrozen-cp-3k-base": {
        "bref-int": {
            "value": 0.8444057957459824,
            "min": 0.8420716486872053,
            "max": 0.846762588296364
        },
        "c2si-dap": {
            "value": 0.6226807975003823,
            "min": 0.6188861566210848,
            "max": 0.6267383770807651
        },
        "c2si-lec": {
            "value": 0.6132044544365901,
            "min": 0.6074563768789198,
            "max": 0.6190945369269295
        }
    },
    "unfrozen-cp-14k-large-accents": {
        "bref-int": {
            "value": 0.875762322761689,
            "min": 0.8736977389876271,
            "max": 0.8778580148257249
        },
        "c2si-dap": {
            "value": 0.7333717068970687,
            "min": 0.7299567603651156,
            "max": 0.7368745042942837
        },
        "c2si-lec": {
            "value": 0.7207391867202964,
            "min": 0.7152545538079095,
            "max": 0.7260283431603127
        }
    },
    "unfrozen-cp-14k-light-accents": {
        "bref-int": {
            "value": 0.8287852477705167,
            "min": 0.8264205593303245,
            "max": 0.8313777906182434
        },
        "c2si-dap": {
            "value": 0.6406861431002924,
            "min": 0.6367969780307424,
            "max": 0.6448781286604938
        },
        "c2si-lec": {
            "value": 0.6371960627047084,
            "min": 0.6311219292168841,
            "max": 0.6431379243669951
        }
    },
    "unfrozen-cp-3k-large-accents": {
        "bref-int": {
            "value": 0.8827654751839507,
            "min": 0.8806103987622419,
            "max": 0.8848872935940147
        },
        "c2si-dap": {
            "value": 0.7388203536845482,
            "min": 0.7352241721016377,
            "max": 0.7423887074811275
        },
        "c2si-lec": {
            "value": 0.726437184350092,
            "min": 0.7208767965802165,
            "max": 0.7319678453630711
        }
    },
    "unfrozen-cp-3k-base-accents": {
        "bref-int": {
            "value": 0.8493550536404787,
            "min": 0.847024934579341,
            "max": 0.8516873913372884
        },
        "c2si-dap": {
            "value": 0.6244980544343897,
            "min": 0.6205804796857768,
            "max": 0.6285096719205764
        },
        "c2si-lec": {
            "value": 0.6142037127310312,
            "min": 0.6077456011278188,
            "max": 0.6201350386162914
        }
    }
}